,nodes,id,avg_avg_fit,min_best_fit,max_best_fit,avg_best_fit,prop_fit_enough,avg_peak_sd,prop_together
0,2,1,7.794523582983364,11.24729208846595,13.748478603385317,12.72508874708761,0.7,0.4580683293972533,1.0
1,2,0,7.538797412185571,2.3385145085043617,13.51597291183244,11.697989465427598,0.8,0.37658943314704924,1.0
