,nodes,id,avg_avg_fit,min_best_fit,max_best_fit,avg_best_fit,prop_fit_enough,avg_peak_sd,prop_together
0,2,1,7.17025264906105,8.086679486778053,13.317413905460933,11.787489451663864,1.0,0.40478911710956317,1.0
1,2,0,8.071864573754564,10.957821353440611,13.450845224692141,12.257198578081097,1.0,0.4283377087953716,1.0
